transaction_id,merchant_id,user_id,card_number,transaction_date,transaction_amount,device_id,has_cbk
21321362,46045,10378,415944******1540,2019-11-28T15:41:40.107253,553.66,17372,TRUE
21322971,44459,10405,515894******4290,2019-11-17T01:06:14.821040,258.46,856642,FALSE
21323500,76725,16781,546056******2924,2019-11-04T14:55:21.764584,502.16,,TRUE
21323149,55531,17407,498453******3618,2019-11-12T01:09:51.468180,2726.27,,FALSE
21320594,81795,17807,606282******2612,2019-11-30T20:24:00.906638,568.42,288714,TRUE
21323506,62052,18227,550209******3098,2019-11-04T13:17:29.295709,941.39,,TRUE
21320848,23591,1836,444456******3799,2019-11-29T23:12:53.556465,708.34,889989,FALSE
21323521,4039,266,482425******1320,2019-11-03T20:25:23.212894,235.70,,FALSE
21322626,53041,28218,498406******7104,2019-11-20T21:42:21.655846,426.84,174844,TRUE
21321490,55854,37113,543882******5366,2019-11-27T16:42:30.647520,253.65,386429,TRUE
21323341,77130,42677,515601******8618,2019-11-08T20:41:36.944243,301.58,,TRUE
21321977,88862,48426,516292******5657,2019-11-23T14:27:17.241083,242.21,484286,FALSE
21323189,36929,49106,651660******3628,2019-11-11T16:22:55.617237,4043.43,,FALSE
21321501,55854,53850,527468******1757,2019-11-27T14:52:55.108583,278.03,20098,TRUE
21320735,99510,56877,406655******8217,2019-11-30T14:51:49.542823,877.06,866529,TRUE
21322770,29728,58011,534503******9806,2019-11-18T21:48:31.704996,1958.62,606525,FALSE
21323511,32901,62541,511781******250,2019-11-04T11:22:22.321651,65.35,,FALSE
21322650,34561,65326,490172******2558,2019-11-20T15:24:24.025276,531.38,932955,FALSE
21322332,7513,67226,526326******5835,2019-11-22T15:01:15.865576,270.69,944054,FALSE
21321882,9363,67903,478308******3072,2019-11-23T18:13:30.617539,300.86,321795,FALSE
21323329,77130,75710,554482******7640,2019-11-08T23:12:00.465991,254.37,,TRUE
21323327,77130,75710,554482******7640,2019-11-08T23:15:05.322183,599.13,,TRUE
21323325,77130,75710,554482******7640,2019-11-08T23:18:28.634342,254.25,,TRUE
21322753,40469,76708,544731******4582,2019-11-19T01:37:42.858862,710.11,760553,FALSE
21323539,8942,76819,552289******8870,2019-11-03T16:09:21.333406,2040.02,,TRUE
21323538,8942,76819,552289******8870,2019-11-03T16:10:00.739538,1038.47,,TRUE
21323537,8942,76819,552289******8870,2019-11-03T16:11:02.048688,1545.40,,TRUE
21320528,93520,77959,432957******7262,2019-12-01T11:00:12.687222,2.75,589318,FALSE
21320527,93520,77959,432957******7262,2019-12-01T11:00:36.196460,2.00,589318,FALSE
21321324,56451,85565,544731******4719,2019-11-28T17:21:46.870600,963.35,,FALSE
21321027,80155,88553,410863******7755,2019-11-29T15:35:24.506721,280.52,27250,FALSE
21321026,80155,88553,410863******7755,2019-11-29T15:36:16.283879,151.64,27250,FALSE
21321571,11202,88625,427167******6030,2019-11-26T17:04:23.573237,80.52,917833,FALSE
21320545,81795,90176,545368******9514,2019-12-01T01:07:42.861959,582.63,705388,TRUE
21321154,48126,92259,406669******1721,2019-11-29T00:01:41.332782,1012.42,355583,TRUE
21322323,49387,98432,455184******9829,2019-11-22T15:18:41.555535,514.89,534341,FALSE
21322212,71378,9853,527407******8091,2019-11-22T18:57:08.043119,19.82,686249,TRUE
21321809,88862,98739,606282******2118,2019-11-23T20:28:07.504674,169.45,422057,FALSE
